-- White Room Kid Kiyotaka - Trade route learning dummy buildings
-- Invisible buildings applied to White Room cities as permanent trade learning grows.

INSERT INTO BuildingClasses (Type, DefaultBuilding, Description)
VALUES
('BUILDINGCLASS_WR_TRADE_GOLD_1',  'BUILDING_WR_TRADE_GOLD_1',  'TXT_KEY_BUILDING_WR_TRADE_GOLD'),
('BUILDINGCLASS_WR_TRADE_GOLD_5',  'BUILDING_WR_TRADE_GOLD_5',  'TXT_KEY_BUILDING_WR_TRADE_GOLD'),
('BUILDINGCLASS_WR_TRADE_GOLD_10', 'BUILDING_WR_TRADE_GOLD_10', 'TXT_KEY_BUILDING_WR_TRADE_GOLD'),
('BUILDINGCLASS_WR_TRADE_GOLD_25', 'BUILDING_WR_TRADE_GOLD_25', 'TXT_KEY_BUILDING_WR_TRADE_GOLD'),
('BUILDINGCLASS_WR_TRADE_GOLD_50', 'BUILDING_WR_TRADE_GOLD_50', 'TXT_KEY_BUILDING_WR_TRADE_GOLD');

INSERT INTO Buildings (Type, BuildingClass, Cost, FaithCost, GreatWorkCount, Description, NeverCapture)
VALUES
('BUILDING_WR_TRADE_GOLD_1',  'BUILDINGCLASS_WR_TRADE_GOLD_1',  -1, -1, -1, 'TXT_KEY_BUILDING_WR_TRADE_GOLD', 1),
('BUILDING_WR_TRADE_GOLD_5',  'BUILDINGCLASS_WR_TRADE_GOLD_5',  -1, -1, -1, 'TXT_KEY_BUILDING_WR_TRADE_GOLD', 1),
('BUILDING_WR_TRADE_GOLD_10', 'BUILDINGCLASS_WR_TRADE_GOLD_10', -1, -1, -1, 'TXT_KEY_BUILDING_WR_TRADE_GOLD', 1),
('BUILDING_WR_TRADE_GOLD_25', 'BUILDINGCLASS_WR_TRADE_GOLD_25', -1, -1, -1, 'TXT_KEY_BUILDING_WR_TRADE_GOLD', 1),
('BUILDING_WR_TRADE_GOLD_50', 'BUILDINGCLASS_WR_TRADE_GOLD_50', -1, -1, -1, 'TXT_KEY_BUILDING_WR_TRADE_GOLD', 1);

INSERT INTO Building_YieldModifiers (BuildingType, YieldType, Yield)
VALUES
('BUILDING_WR_TRADE_GOLD_1',  'YIELD_GOLD', 1),
('BUILDING_WR_TRADE_GOLD_5',  'YIELD_GOLD', 5),
('BUILDING_WR_TRADE_GOLD_10', 'YIELD_GOLD', 10),
('BUILDING_WR_TRADE_GOLD_25', 'YIELD_GOLD', 25),
('BUILDING_WR_TRADE_GOLD_50', 'YIELD_GOLD', 50);

INSERT INTO Language_en_US (Tag, Text)
VALUES
('TXT_KEY_BUILDING_WR_TRADE_GOLD', 'White Room Trade Route Learning');
