-- ============================================================================
-- White Room Kid Kiyotaka - Duplicate Improvement Percentage Dummy Buildings
-- ============================================================================

-- FOOD
INSERT INTO BuildingClasses (Type, DefaultBuilding, Description)
VALUES
('BUILDINGCLASS_WR_DUP_FOOD_1',  'BUILDING_WR_DUP_FOOD_1',  'TXT_KEY_BUILDING_WR_DUP_FOOD'),
('BUILDINGCLASS_WR_DUP_FOOD_5',  'BUILDING_WR_DUP_FOOD_5',  'TXT_KEY_BUILDING_WR_DUP_FOOD'),
('BUILDINGCLASS_WR_DUP_FOOD_10', 'BUILDING_WR_DUP_FOOD_10', 'TXT_KEY_BUILDING_WR_DUP_FOOD'),
('BUILDINGCLASS_WR_DUP_FOOD_25', 'BUILDING_WR_DUP_FOOD_25', 'TXT_KEY_BUILDING_WR_DUP_FOOD'),
('BUILDINGCLASS_WR_DUP_FOOD_50', 'BUILDING_WR_DUP_FOOD_50', 'TXT_KEY_BUILDING_WR_DUP_FOOD');

INSERT INTO Buildings (Type, BuildingClass, Cost, FaithCost, GreatWorkCount, Description, NeverCapture)
VALUES
('BUILDING_WR_DUP_FOOD_1',  'BUILDINGCLASS_WR_DUP_FOOD_1',  -1, -1, -1, 'TXT_KEY_BUILDING_WR_DUP_FOOD', 1),
('BUILDING_WR_DUP_FOOD_5',  'BUILDINGCLASS_WR_DUP_FOOD_5',  -1, -1, -1, 'TXT_KEY_BUILDING_WR_DUP_FOOD', 1),
('BUILDING_WR_DUP_FOOD_10', 'BUILDINGCLASS_WR_DUP_FOOD_10', -1, -1, -1, 'TXT_KEY_BUILDING_WR_DUP_FOOD', 1),
('BUILDING_WR_DUP_FOOD_25', 'BUILDINGCLASS_WR_DUP_FOOD_25', -1, -1, -1, 'TXT_KEY_BUILDING_WR_DUP_FOOD', 1),
('BUILDING_WR_DUP_FOOD_50', 'BUILDINGCLASS_WR_DUP_FOOD_50', -1, -1, -1, 'TXT_KEY_BUILDING_WR_DUP_FOOD', 1);

INSERT INTO Building_YieldModifiers (BuildingType, YieldType, Yield)
VALUES
('BUILDING_WR_DUP_FOOD_1',  'YIELD_FOOD', 1),
('BUILDING_WR_DUP_FOOD_5',  'YIELD_FOOD', 5),
('BUILDING_WR_DUP_FOOD_10', 'YIELD_FOOD', 10),
('BUILDING_WR_DUP_FOOD_25', 'YIELD_FOOD', 25),
('BUILDING_WR_DUP_FOOD_50', 'YIELD_FOOD', 50);


-- PRODUCTION
INSERT INTO BuildingClasses (Type, DefaultBuilding, Description)
VALUES
('BUILDINGCLASS_WR_DUP_PROD_1',  'BUILDING_WR_DUP_PROD_1',  'TXT_KEY_BUILDING_WR_DUP_PROD'),
('BUILDINGCLASS_WR_DUP_PROD_5',  'BUILDING_WR_DUP_PROD_5',  'TXT_KEY_BUILDING_WR_DUP_PROD'),
('BUILDINGCLASS_WR_DUP_PROD_10', 'BUILDING_WR_DUP_PROD_10', 'TXT_KEY_BUILDING_WR_DUP_PROD'),
('BUILDINGCLASS_WR_DUP_PROD_25', 'BUILDING_WR_DUP_PROD_25', 'TXT_KEY_BUILDING_WR_DUP_PROD'),
('BUILDINGCLASS_WR_DUP_PROD_50', 'BUILDING_WR_DUP_PROD_50', 'TXT_KEY_BUILDING_WR_DUP_PROD');

INSERT INTO Buildings (Type, BuildingClass, Cost, FaithCost, GreatWorkCount, Description, NeverCapture)
VALUES
('BUILDING_WR_DUP_PROD_1',  'BUILDINGCLASS_WR_DUP_PROD_1',  -1, -1, -1, 'TXT_KEY_BUILDING_WR_DUP_PROD', 1),
('BUILDING_WR_DUP_PROD_5',  'BUILDINGCLASS_WR_DUP_PROD_5',  -1, -1, -1, 'TXT_KEY_BUILDING_WR_DUP_PROD', 1),
('BUILDING_WR_DUP_PROD_10', 'BUILDINGCLASS_WR_DUP_PROD_10', -1, -1, -1, 'TXT_KEY_BUILDING_WR_DUP_PROD', 1),
('BUILDING_WR_DUP_PROD_25', 'BUILDINGCLASS_WR_DUP_PROD_25', -1, -1, -1, 'TXT_KEY_BUILDING_WR_DUP_PROD', 1),
('BUILDING_WR_DUP_PROD_50', 'BUILDINGCLASS_WR_DUP_PROD_50', -1, -1, -1, 'TXT_KEY_BUILDING_WR_DUP_PROD', 1);

INSERT INTO Building_YieldModifiers (BuildingType, YieldType, Yield)
VALUES
('BUILDING_WR_DUP_PROD_1',  'YIELD_PRODUCTION', 1),
('BUILDING_WR_DUP_PROD_5',  'YIELD_PRODUCTION', 5),
('BUILDING_WR_DUP_PROD_10', 'YIELD_PRODUCTION', 10),
('BUILDING_WR_DUP_PROD_25', 'YIELD_PRODUCTION', 25),
('BUILDING_WR_DUP_PROD_50', 'YIELD_PRODUCTION', 50);


-- GOLD
INSERT INTO BuildingClasses (Type, DefaultBuilding, Description)
VALUES
('BUILDINGCLASS_WR_DUP_GOLD_1',  'BUILDING_WR_DUP_GOLD_1',  'TXT_KEY_BUILDING_WR_DUP_GOLD'),
('BUILDINGCLASS_WR_DUP_GOLD_5',  'BUILDING_WR_DUP_GOLD_5',  'TXT_KEY_BUILDING_WR_DUP_GOLD'),
('BUILDINGCLASS_WR_DUP_GOLD_10', 'BUILDING_WR_DUP_GOLD_10', 'TXT_KEY_BUILDING_WR_DUP_GOLD'),
('BUILDINGCLASS_WR_DUP_GOLD_25', 'BUILDING_WR_DUP_GOLD_25', 'TXT_KEY_BUILDING_WR_DUP_GOLD'),
('BUILDINGCLASS_WR_DUP_GOLD_50', 'BUILDING_WR_DUP_GOLD_50', 'TXT_KEY_BUILDING_WR_DUP_GOLD');

INSERT INTO Buildings (Type, BuildingClass, Cost, FaithCost, GreatWorkCount, Description, NeverCapture)
VALUES
('BUILDING_WR_DUP_GOLD_1',  'BUILDINGCLASS_WR_DUP_GOLD_1',  -1, -1, -1, 'TXT_KEY_BUILDING_WR_DUP_GOLD', 1),
('BUILDING_WR_DUP_GOLD_5',  'BUILDINGCLASS_WR_DUP_GOLD_5',  -1, -1, -1, 'TXT_KEY_BUILDING_WR_DUP_GOLD', 1),
('BUILDING_WR_DUP_GOLD_10', 'BUILDINGCLASS_WR_DUP_GOLD_10', -1, -1, -1, 'TXT_KEY_BUILDING_WR_DUP_GOLD', 1),
('BUILDING_WR_DUP_GOLD_25', 'BUILDINGCLASS_WR_DUP_GOLD_25', -1, -1, -1, 'TXT_KEY_BUILDING_WR_DUP_GOLD', 1),
('BUILDING_WR_DUP_GOLD_50', 'BUILDINGCLASS_WR_DUP_GOLD_50', -1, -1, -1, 'TXT_KEY_BUILDING_WR_DUP_GOLD', 1);

INSERT INTO Building_YieldModifiers (BuildingType, YieldType, Yield)
VALUES
('BUILDING_WR_DUP_GOLD_1',  'YIELD_GOLD', 1),
('BUILDING_WR_DUP_GOLD_5',  'YIELD_GOLD', 5),
('BUILDING_WR_DUP_GOLD_10', 'YIELD_GOLD', 10),
('BUILDING_WR_DUP_GOLD_25', 'YIELD_GOLD', 25),
('BUILDING_WR_DUP_GOLD_50', 'YIELD_GOLD', 50);


-- SCIENCE
INSERT INTO BuildingClasses (Type, DefaultBuilding, Description)
VALUES
('BUILDINGCLASS_WR_DUP_SCIENCE_1',  'BUILDING_WR_DUP_SCIENCE_1',  'TXT_KEY_BUILDING_WR_DUP_SCIENCE'),
('BUILDINGCLASS_WR_DUP_SCIENCE_5',  'BUILDING_WR_DUP_SCIENCE_5',  'TXT_KEY_BUILDING_WR_DUP_SCIENCE'),
('BUILDINGCLASS_WR_DUP_SCIENCE_10', 'BUILDING_WR_DUP_SCIENCE_10', 'TXT_KEY_BUILDING_WR_DUP_SCIENCE'),
('BUILDINGCLASS_WR_DUP_SCIENCE_25', 'BUILDING_WR_DUP_SCIENCE_25', 'TXT_KEY_BUILDING_WR_DUP_SCIENCE'),
('BUILDINGCLASS_WR_DUP_SCIENCE_50', 'BUILDING_WR_DUP_SCIENCE_50', 'TXT_KEY_BUILDING_WR_DUP_SCIENCE');

INSERT INTO Buildings (Type, BuildingClass, Cost, FaithCost, GreatWorkCount, Description, NeverCapture)
VALUES
('BUILDING_WR_DUP_SCIENCE_1',  'BUILDINGCLASS_WR_DUP_SCIENCE_1',  -1, -1, -1, 'TXT_KEY_BUILDING_WR_DUP_SCIENCE', 1),
('BUILDING_WR_DUP_SCIENCE_5',  'BUILDINGCLASS_WR_DUP_SCIENCE_5',  -1, -1, -1, 'TXT_KEY_BUILDING_WR_DUP_SCIENCE', 1),
('BUILDING_WR_DUP_SCIENCE_10', 'BUILDINGCLASS_WR_DUP_SCIENCE_10', -1, -1, -1, 'TXT_KEY_BUILDING_WR_DUP_SCIENCE', 1),
('BUILDING_WR_DUP_SCIENCE_25', 'BUILDINGCLASS_WR_DUP_SCIENCE_25', -1, -1, -1, 'TXT_KEY_BUILDING_WR_DUP_SCIENCE', 1),
('BUILDING_WR_DUP_SCIENCE_50', 'BUILDINGCLASS_WR_DUP_SCIENCE_50', -1, -1, -1, 'TXT_KEY_BUILDING_WR_DUP_SCIENCE', 1);

INSERT INTO Building_YieldModifiers (BuildingType, YieldType, Yield)
VALUES
('BUILDING_WR_DUP_SCIENCE_1',  'YIELD_SCIENCE', 1),
('BUILDING_WR_DUP_SCIENCE_5',  'YIELD_SCIENCE', 5),
('BUILDING_WR_DUP_SCIENCE_10', 'YIELD_SCIENCE', 10),
('BUILDING_WR_DUP_SCIENCE_25', 'YIELD_SCIENCE', 25),
('BUILDING_WR_DUP_SCIENCE_50', 'YIELD_SCIENCE', 50);


-- CULTURE
INSERT INTO BuildingClasses (Type, DefaultBuilding, Description)
VALUES
('BUILDINGCLASS_WR_DUP_CULTURE_1',  'BUILDING_WR_DUP_CULTURE_1',  'TXT_KEY_BUILDING_WR_DUP_CULTURE'),
('BUILDINGCLASS_WR_DUP_CULTURE_5',  'BUILDING_WR_DUP_CULTURE_5',  'TXT_KEY_BUILDING_WR_DUP_CULTURE'),
('BUILDINGCLASS_WR_DUP_CULTURE_10', 'BUILDING_WR_DUP_CULTURE_10', 'TXT_KEY_BUILDING_WR_DUP_CULTURE'),
('BUILDINGCLASS_WR_DUP_CULTURE_25', 'BUILDING_WR_DUP_CULTURE_25', 'TXT_KEY_BUILDING_WR_DUP_CULTURE'),
('BUILDINGCLASS_WR_DUP_CULTURE_50', 'BUILDING_WR_DUP_CULTURE_50', 'TXT_KEY_BUILDING_WR_DUP_CULTURE');

INSERT INTO Buildings (Type, BuildingClass, Cost, FaithCost, GreatWorkCount, Description, NeverCapture)
VALUES
('BUILDING_WR_DUP_CULTURE_1',  'BUILDINGCLASS_WR_DUP_CULTURE_1',  -1, -1, -1, 'TXT_KEY_BUILDING_WR_DUP_CULTURE', 1),
('BUILDING_WR_DUP_CULTURE_5',  'BUILDINGCLASS_WR_DUP_CULTURE_5',  -1, -1, -1, 'TXT_KEY_BUILDING_WR_DUP_CULTURE', 1),
('BUILDING_WR_DUP_CULTURE_10', 'BUILDINGCLASS_WR_DUP_CULTURE_10', -1, -1, -1, 'TXT_KEY_BUILDING_WR_DUP_CULTURE', 1),
('BUILDING_WR_DUP_CULTURE_25', 'BUILDINGCLASS_WR_DUP_CULTURE_25', -1, -1, -1, 'TXT_KEY_BUILDING_WR_DUP_CULTURE', 1),
('BUILDING_WR_DUP_CULTURE_50', 'BUILDINGCLASS_WR_DUP_CULTURE_50', -1, -1, -1, 'TXT_KEY_BUILDING_WR_DUP_CULTURE', 1);

INSERT INTO Building_YieldModifiers (BuildingType, YieldType, Yield)
VALUES
('BUILDING_WR_DUP_CULTURE_1',  'YIELD_CULTURE', 1),
('BUILDING_WR_DUP_CULTURE_5',  'YIELD_CULTURE', 5),
('BUILDING_WR_DUP_CULTURE_10', 'YIELD_CULTURE', 10),
('BUILDING_WR_DUP_CULTURE_25', 'YIELD_CULTURE', 25),
('BUILDING_WR_DUP_CULTURE_50', 'YIELD_CULTURE', 50);


-- FAITH
INSERT INTO BuildingClasses (Type, DefaultBuilding, Description)
VALUES
('BUILDINGCLASS_WR_DUP_FAITH_1',  'BUILDING_WR_DUP_FAITH_1',  'TXT_KEY_BUILDING_WR_DUP_FAITH'),
('BUILDINGCLASS_WR_DUP_FAITH_5',  'BUILDING_WR_DUP_FAITH_5',  'TXT_KEY_BUILDING_WR_DUP_FAITH'),
('BUILDINGCLASS_WR_DUP_FAITH_10', 'BUILDING_WR_DUP_FAITH_10', 'TXT_KEY_BUILDING_WR_DUP_FAITH'),
('BUILDINGCLASS_WR_DUP_FAITH_25', 'BUILDING_WR_DUP_FAITH_25', 'TXT_KEY_BUILDING_WR_DUP_FAITH'),
('BUILDINGCLASS_WR_DUP_FAITH_50', 'BUILDING_WR_DUP_FAITH_50', 'TXT_KEY_BUILDING_WR_DUP_FAITH');

INSERT INTO Buildings (Type, BuildingClass, Cost, FaithCost, GreatWorkCount, Description, NeverCapture)
VALUES
('BUILDING_WR_DUP_FAITH_1',  'BUILDINGCLASS_WR_DUP_FAITH_1',  -1, -1, -1, 'TXT_KEY_BUILDING_WR_DUP_FAITH', 1),
('BUILDING_WR_DUP_FAITH_5',  'BUILDINGCLASS_WR_DUP_FAITH_5',  -1, -1, -1, 'TXT_KEY_BUILDING_WR_DUP_FAITH', 1),
('BUILDING_WR_DUP_FAITH_10', 'BUILDINGCLASS_WR_DUP_FAITH_10', -1, -1, -1, 'TXT_KEY_BUILDING_WR_DUP_FAITH', 1),
('BUILDING_WR_DUP_FAITH_25', 'BUILDINGCLASS_WR_DUP_FAITH_25', -1, -1, -1, 'TXT_KEY_BUILDING_WR_DUP_FAITH', 1),
('BUILDING_WR_DUP_FAITH_50', 'BUILDINGCLASS_WR_DUP_FAITH_50', -1, -1, -1, 'TXT_KEY_BUILDING_WR_DUP_FAITH', 1);

INSERT INTO Building_YieldModifiers (BuildingType, YieldType, Yield)
VALUES
('BUILDING_WR_DUP_FAITH_1',  'YIELD_FAITH', 1),
('BUILDING_WR_DUP_FAITH_5',  'YIELD_FAITH', 5),
('BUILDING_WR_DUP_FAITH_10', 'YIELD_FAITH', 10),
('BUILDING_WR_DUP_FAITH_25', 'YIELD_FAITH', 25),
('BUILDING_WR_DUP_FAITH_50', 'YIELD_FAITH', 50);


-- TEXT
INSERT INTO Language_en_US (Tag, Text)
VALUES
('TXT_KEY_BUILDING_WR_DUP_FOOD',    'White Room Food Adaptation'),
('TXT_KEY_BUILDING_WR_DUP_PROD',    'White Room Production Adaptation'),
('TXT_KEY_BUILDING_WR_DUP_GOLD',    'White Room Gold Adaptation'),
('TXT_KEY_BUILDING_WR_DUP_SCIENCE', 'White Room Science Adaptation'),
('TXT_KEY_BUILDING_WR_DUP_CULTURE', 'White Room Culture Adaptation'),
('TXT_KEY_BUILDING_WR_DUP_FAITH',   'White Room Faith Adaptation');
