-- White Room Kid Kiyotaka - Captured city learning dummy buildings/promotions
-- Applied when another civilization or city-state loses a city.

INSERT INTO BuildingClasses (Type, DefaultBuilding, Description)
VALUES
('BUILDINGCLASS_WR_CITY_LOSS_DEF_1',  'BUILDING_WR_CITY_LOSS_DEF_1',  'TXT_KEY_BUILDING_WR_CITY_LOSS_DEF'),
('BUILDINGCLASS_WR_CITY_LOSS_DEF_5',  'BUILDING_WR_CITY_LOSS_DEF_5',  'TXT_KEY_BUILDING_WR_CITY_LOSS_DEF'),
('BUILDINGCLASS_WR_CITY_LOSS_DEF_10', 'BUILDING_WR_CITY_LOSS_DEF_10', 'TXT_KEY_BUILDING_WR_CITY_LOSS_DEF'),
('BUILDINGCLASS_WR_CITY_LOSS_DEF_25', 'BUILDING_WR_CITY_LOSS_DEF_25', 'TXT_KEY_BUILDING_WR_CITY_LOSS_DEF'),
('BUILDINGCLASS_WR_CITY_LOSS_DEF_50', 'BUILDING_WR_CITY_LOSS_DEF_50', 'TXT_KEY_BUILDING_WR_CITY_LOSS_DEF');

INSERT INTO Buildings
    (Type, BuildingClass, Cost, FaithCost, GreatWorkCount, PrereqTech, Description, NeverCapture,
     NukeImmune, HurryCostModifier, Defense, ExtraCityHitPoints)
VALUES
('BUILDING_WR_CITY_LOSS_DEF_1',  'BUILDINGCLASS_WR_CITY_LOSS_DEF_1',  -1, -1, -1, NULL, 'TXT_KEY_BUILDING_WR_CITY_LOSS_DEF', 1, 1, -1, 100,  1),
('BUILDING_WR_CITY_LOSS_DEF_5',  'BUILDINGCLASS_WR_CITY_LOSS_DEF_5',  -1, -1, -1, NULL, 'TXT_KEY_BUILDING_WR_CITY_LOSS_DEF', 1, 1, -1, 500,  5),
('BUILDING_WR_CITY_LOSS_DEF_10', 'BUILDINGCLASS_WR_CITY_LOSS_DEF_10', -1, -1, -1, NULL, 'TXT_KEY_BUILDING_WR_CITY_LOSS_DEF', 1, 1, -1, 1000, 10),
('BUILDING_WR_CITY_LOSS_DEF_25', 'BUILDINGCLASS_WR_CITY_LOSS_DEF_25', -1, -1, -1, NULL, 'TXT_KEY_BUILDING_WR_CITY_LOSS_DEF', 1, 1, -1, 2500, 25),
('BUILDING_WR_CITY_LOSS_DEF_50', 'BUILDINGCLASS_WR_CITY_LOSS_DEF_50', -1, -1, -1, NULL, 'TXT_KEY_BUILDING_WR_CITY_LOSS_DEF', 1, 1, -1, 5000, 50);

INSERT INTO UnitPromotions
    (Type, Description, Help, Sound, CannotBeChosen, LostWithUpgrade, CityAttack, PortraitIndex, IconAtlas, PediaType, PediaEntry)
VALUES
('PROMOTION_WR_CITY_LOSS_ATTACK_1',    'TXT_KEY_PROMOTION_WR_CITY_LOSS_ATTACK_1',    'TXT_KEY_PROMOTION_WR_CITY_LOSS_ATTACK_1_HELP',    'AS2D_IF_LEVELUP', 1, 0, 1,    59, 'ABILITY_ATLAS', 'PEDIA_ATTRIBUTES', 'TXT_KEY_PROMOTION_WR_CITY_LOSS_ATTACK_1'),
('PROMOTION_WR_CITY_LOSS_ATTACK_2',    'TXT_KEY_PROMOTION_WR_CITY_LOSS_ATTACK_2',    'TXT_KEY_PROMOTION_WR_CITY_LOSS_ATTACK_2_HELP',    'AS2D_IF_LEVELUP', 1, 0, 2,    59, 'ABILITY_ATLAS', 'PEDIA_ATTRIBUTES', 'TXT_KEY_PROMOTION_WR_CITY_LOSS_ATTACK_2'),
('PROMOTION_WR_CITY_LOSS_ATTACK_4',    'TXT_KEY_PROMOTION_WR_CITY_LOSS_ATTACK_4',    'TXT_KEY_PROMOTION_WR_CITY_LOSS_ATTACK_4_HELP',    'AS2D_IF_LEVELUP', 1, 0, 4,    59, 'ABILITY_ATLAS', 'PEDIA_ATTRIBUTES', 'TXT_KEY_PROMOTION_WR_CITY_LOSS_ATTACK_4'),
('PROMOTION_WR_CITY_LOSS_ATTACK_8',    'TXT_KEY_PROMOTION_WR_CITY_LOSS_ATTACK_8',    'TXT_KEY_PROMOTION_WR_CITY_LOSS_ATTACK_8_HELP',    'AS2D_IF_LEVELUP', 1, 0, 8,    59, 'ABILITY_ATLAS', 'PEDIA_ATTRIBUTES', 'TXT_KEY_PROMOTION_WR_CITY_LOSS_ATTACK_8'),
('PROMOTION_WR_CITY_LOSS_ATTACK_16',   'TXT_KEY_PROMOTION_WR_CITY_LOSS_ATTACK_16',   'TXT_KEY_PROMOTION_WR_CITY_LOSS_ATTACK_16_HELP',   'AS2D_IF_LEVELUP', 1, 0, 16,   59, 'ABILITY_ATLAS', 'PEDIA_ATTRIBUTES', 'TXT_KEY_PROMOTION_WR_CITY_LOSS_ATTACK_16'),
('PROMOTION_WR_CITY_LOSS_ATTACK_32',   'TXT_KEY_PROMOTION_WR_CITY_LOSS_ATTACK_32',   'TXT_KEY_PROMOTION_WR_CITY_LOSS_ATTACK_32_HELP',   'AS2D_IF_LEVELUP', 1, 0, 32,   59, 'ABILITY_ATLAS', 'PEDIA_ATTRIBUTES', 'TXT_KEY_PROMOTION_WR_CITY_LOSS_ATTACK_32'),
('PROMOTION_WR_CITY_LOSS_ATTACK_64',   'TXT_KEY_PROMOTION_WR_CITY_LOSS_ATTACK_64',   'TXT_KEY_PROMOTION_WR_CITY_LOSS_ATTACK_64_HELP',   'AS2D_IF_LEVELUP', 1, 0, 64,   59, 'ABILITY_ATLAS', 'PEDIA_ATTRIBUTES', 'TXT_KEY_PROMOTION_WR_CITY_LOSS_ATTACK_64'),
('PROMOTION_WR_CITY_LOSS_ATTACK_128',  'TXT_KEY_PROMOTION_WR_CITY_LOSS_ATTACK_128',  'TXT_KEY_PROMOTION_WR_CITY_LOSS_ATTACK_128_HELP',  'AS2D_IF_LEVELUP', 1, 0, 128,  59, 'ABILITY_ATLAS', 'PEDIA_ATTRIBUTES', 'TXT_KEY_PROMOTION_WR_CITY_LOSS_ATTACK_128'),
('PROMOTION_WR_CITY_LOSS_ATTACK_256',  'TXT_KEY_PROMOTION_WR_CITY_LOSS_ATTACK_256',  'TXT_KEY_PROMOTION_WR_CITY_LOSS_ATTACK_256_HELP',  'AS2D_IF_LEVELUP', 1, 0, 256,  59, 'ABILITY_ATLAS', 'PEDIA_ATTRIBUTES', 'TXT_KEY_PROMOTION_WR_CITY_LOSS_ATTACK_256'),
('PROMOTION_WR_CITY_LOSS_ATTACK_512',  'TXT_KEY_PROMOTION_WR_CITY_LOSS_ATTACK_512',  'TXT_KEY_PROMOTION_WR_CITY_LOSS_ATTACK_512_HELP',  'AS2D_IF_LEVELUP', 1, 0, 512,  59, 'ABILITY_ATLAS', 'PEDIA_ATTRIBUTES', 'TXT_KEY_PROMOTION_WR_CITY_LOSS_ATTACK_512'),
('PROMOTION_WR_CITY_LOSS_ATTACK_1024', 'TXT_KEY_PROMOTION_WR_CITY_LOSS_ATTACK_1024', 'TXT_KEY_PROMOTION_WR_CITY_LOSS_ATTACK_1024_HELP', 'AS2D_IF_LEVELUP', 1, 0, 1024, 59, 'ABILITY_ATLAS', 'PEDIA_ATTRIBUTES', 'TXT_KEY_PROMOTION_WR_CITY_LOSS_ATTACK_1024'),
('PROMOTION_WR_CITY_LOSS_ATTACK_2048', 'TXT_KEY_PROMOTION_WR_CITY_LOSS_ATTACK_2048', 'TXT_KEY_PROMOTION_WR_CITY_LOSS_ATTACK_2048_HELP', 'AS2D_IF_LEVELUP', 1, 0, 2048, 59, 'ABILITY_ATLAS', 'PEDIA_ATTRIBUTES', 'TXT_KEY_PROMOTION_WR_CITY_LOSS_ATTACK_2048'),
('PROMOTION_WR_CITY_LOSS_ATTACK_4096', 'TXT_KEY_PROMOTION_WR_CITY_LOSS_ATTACK_4096', 'TXT_KEY_PROMOTION_WR_CITY_LOSS_ATTACK_4096_HELP', 'AS2D_IF_LEVELUP', 1, 0, 4096, 59, 'ABILITY_ATLAS', 'PEDIA_ATTRIBUTES', 'TXT_KEY_PROMOTION_WR_CITY_LOSS_ATTACK_4096'),
('PROMOTION_WR_CITY_LOSS_ATTACK_8192', 'TXT_KEY_PROMOTION_WR_CITY_LOSS_ATTACK_8192', 'TXT_KEY_PROMOTION_WR_CITY_LOSS_ATTACK_8192_HELP', 'AS2D_IF_LEVELUP', 1, 0, 8192, 59, 'ABILITY_ATLAS', 'PEDIA_ATTRIBUTES', 'TXT_KEY_PROMOTION_WR_CITY_LOSS_ATTACK_8192'),
('PROMOTION_WR_CITY_LOSS_ATTACK_16384', 'TXT_KEY_PROMOTION_WR_CITY_LOSS_ATTACK_16384', 'TXT_KEY_PROMOTION_WR_CITY_LOSS_ATTACK_16384_HELP', 'AS2D_IF_LEVELUP', 1, 0, 16384, 59, 'ABILITY_ATLAS', 'PEDIA_ATTRIBUTES', 'TXT_KEY_PROMOTION_WR_CITY_LOSS_ATTACK_16384'),
('PROMOTION_WR_CITY_LOSS_ATTACK_10',   'TXT_KEY_PROMOTION_WR_CITY_LOSS_ATTACK_10',   'TXT_KEY_PROMOTION_WR_CITY_LOSS_ATTACK_10_HELP',   'AS2D_IF_LEVELUP', 1, 0, 10,   59, 'ABILITY_ATLAS', 'PEDIA_ATTRIBUTES', 'TXT_KEY_PROMOTION_WR_CITY_LOSS_ATTACK_10'),
('PROMOTION_WR_CITY_LOSS_ATTACK_20',   'TXT_KEY_PROMOTION_WR_CITY_LOSS_ATTACK_20',   'TXT_KEY_PROMOTION_WR_CITY_LOSS_ATTACK_20_HELP',   'AS2D_IF_LEVELUP', 1, 0, 20,   59, 'ABILITY_ATLAS', 'PEDIA_ATTRIBUTES', 'TXT_KEY_PROMOTION_WR_CITY_LOSS_ATTACK_20'),
('PROMOTION_WR_CITY_LOSS_ATTACK_50',   'TXT_KEY_PROMOTION_WR_CITY_LOSS_ATTACK_50',   'TXT_KEY_PROMOTION_WR_CITY_LOSS_ATTACK_50_HELP',   'AS2D_IF_LEVELUP', 1, 0, 50,   59, 'ABILITY_ATLAS', 'PEDIA_ATTRIBUTES', 'TXT_KEY_PROMOTION_WR_CITY_LOSS_ATTACK_50'),
('PROMOTION_WR_CITY_LOSS_ATTACK_100',  'TXT_KEY_PROMOTION_WR_CITY_LOSS_ATTACK_100',  'TXT_KEY_PROMOTION_WR_CITY_LOSS_ATTACK_100_HELP',  'AS2D_IF_LEVELUP', 1, 0, 100,  59, 'ABILITY_ATLAS', 'PEDIA_ATTRIBUTES', 'TXT_KEY_PROMOTION_WR_CITY_LOSS_ATTACK_100'),
('PROMOTION_WR_CITY_LOSS_ATTACK_200',  'TXT_KEY_PROMOTION_WR_CITY_LOSS_ATTACK_200',  'TXT_KEY_PROMOTION_WR_CITY_LOSS_ATTACK_200_HELP',  'AS2D_IF_LEVELUP', 1, 0, 200,  59, 'ABILITY_ATLAS', 'PEDIA_ATTRIBUTES', 'TXT_KEY_PROMOTION_WR_CITY_LOSS_ATTACK_200'),
('PROMOTION_WR_CITY_LOSS_ATTACK_500',  'TXT_KEY_PROMOTION_WR_CITY_LOSS_ATTACK_500',  'TXT_KEY_PROMOTION_WR_CITY_LOSS_ATTACK_500_HELP',  'AS2D_IF_LEVELUP', 1, 0, 500,  59, 'ABILITY_ATLAS', 'PEDIA_ATTRIBUTES', 'TXT_KEY_PROMOTION_WR_CITY_LOSS_ATTACK_500'),
('PROMOTION_WR_CITY_LOSS_ATTACK_1000', 'TXT_KEY_PROMOTION_WR_CITY_LOSS_ATTACK_1000', 'TXT_KEY_PROMOTION_WR_CITY_LOSS_ATTACK_1000_HELP', 'AS2D_IF_LEVELUP', 1, 0, 1000, 59, 'ABILITY_ATLAS', 'PEDIA_ATTRIBUTES', 'TXT_KEY_PROMOTION_WR_CITY_LOSS_ATTACK_1000'),
('PROMOTION_WR_CITY_LOSS_ATTACK_2000', 'TXT_KEY_PROMOTION_WR_CITY_LOSS_ATTACK_2000', 'TXT_KEY_PROMOTION_WR_CITY_LOSS_ATTACK_2000_HELP', 'AS2D_IF_LEVELUP', 1, 0, 2000, 59, 'ABILITY_ATLAS', 'PEDIA_ATTRIBUTES', 'TXT_KEY_PROMOTION_WR_CITY_LOSS_ATTACK_2000'),
('PROMOTION_WR_CITY_LOSS_ATTACK_5000', 'TXT_KEY_PROMOTION_WR_CITY_LOSS_ATTACK_5000', 'TXT_KEY_PROMOTION_WR_CITY_LOSS_ATTACK_5000_HELP', 'AS2D_IF_LEVELUP', 1, 0, 5000, 59, 'ABILITY_ATLAS', 'PEDIA_ATTRIBUTES', 'TXT_KEY_PROMOTION_WR_CITY_LOSS_ATTACK_5000');

INSERT INTO Language_en_US (Tag, Text)
VALUES
('TXT_KEY_BUILDING_WR_CITY_LOSS_DEF', 'White Room Captured City Defense Learning'),
('TXT_KEY_PROMOTION_WR_CITY_LOSS_ATTACK_1', 'Captured City Learning +1'),
('TXT_KEY_PROMOTION_WR_CITY_LOSS_ATTACK_1_HELP', '+1% Combat Strength when attacking cities.'),
('TXT_KEY_PROMOTION_WR_CITY_LOSS_ATTACK_2', 'Captured City Learning +2'),
('TXT_KEY_PROMOTION_WR_CITY_LOSS_ATTACK_2_HELP', '+2% Combat Strength when attacking cities.'),
('TXT_KEY_PROMOTION_WR_CITY_LOSS_ATTACK_4', 'Captured City Learning +4'),
('TXT_KEY_PROMOTION_WR_CITY_LOSS_ATTACK_4_HELP', '+4% Combat Strength when attacking cities.'),
('TXT_KEY_PROMOTION_WR_CITY_LOSS_ATTACK_8', 'Captured City Learning +8'),
('TXT_KEY_PROMOTION_WR_CITY_LOSS_ATTACK_8_HELP', '+8% Combat Strength when attacking cities.'),
('TXT_KEY_PROMOTION_WR_CITY_LOSS_ATTACK_16', 'Captured City Learning +16'),
('TXT_KEY_PROMOTION_WR_CITY_LOSS_ATTACK_16_HELP', '+16% Combat Strength when attacking cities.'),
('TXT_KEY_PROMOTION_WR_CITY_LOSS_ATTACK_32', 'Captured City Learning +32'),
('TXT_KEY_PROMOTION_WR_CITY_LOSS_ATTACK_32_HELP', '+32% Combat Strength when attacking cities.'),
('TXT_KEY_PROMOTION_WR_CITY_LOSS_ATTACK_64', 'Captured City Learning +64'),
('TXT_KEY_PROMOTION_WR_CITY_LOSS_ATTACK_64_HELP', '+64% Combat Strength when attacking cities.'),
('TXT_KEY_PROMOTION_WR_CITY_LOSS_ATTACK_128', 'Captured City Learning +128'),
('TXT_KEY_PROMOTION_WR_CITY_LOSS_ATTACK_128_HELP', '+128% Combat Strength when attacking cities.'),
('TXT_KEY_PROMOTION_WR_CITY_LOSS_ATTACK_256', 'Captured City Learning +256'),
('TXT_KEY_PROMOTION_WR_CITY_LOSS_ATTACK_256_HELP', '+256% Combat Strength when attacking cities.'),
('TXT_KEY_PROMOTION_WR_CITY_LOSS_ATTACK_512', 'Captured City Learning +512'),
('TXT_KEY_PROMOTION_WR_CITY_LOSS_ATTACK_512_HELP', '+512% Combat Strength when attacking cities.'),
('TXT_KEY_PROMOTION_WR_CITY_LOSS_ATTACK_1024', 'Captured City Learning +1024'),
('TXT_KEY_PROMOTION_WR_CITY_LOSS_ATTACK_1024_HELP', '+1024% Combat Strength when attacking cities.'),
('TXT_KEY_PROMOTION_WR_CITY_LOSS_ATTACK_2048', 'Captured City Learning +2048'),
('TXT_KEY_PROMOTION_WR_CITY_LOSS_ATTACK_2048_HELP', '+2048% Combat Strength when attacking cities.'),
('TXT_KEY_PROMOTION_WR_CITY_LOSS_ATTACK_4096', 'Captured City Learning +4096'),
('TXT_KEY_PROMOTION_WR_CITY_LOSS_ATTACK_4096_HELP', '+4096% Combat Strength when attacking cities.'),
('TXT_KEY_PROMOTION_WR_CITY_LOSS_ATTACK_8192', 'Captured City Learning +8192'),
('TXT_KEY_PROMOTION_WR_CITY_LOSS_ATTACK_8192_HELP', '+8192% Combat Strength when attacking cities.'),
('TXT_KEY_PROMOTION_WR_CITY_LOSS_ATTACK_16384', 'Captured City Learning +16384'),
('TXT_KEY_PROMOTION_WR_CITY_LOSS_ATTACK_16384_HELP', '+16384% Combat Strength when attacking cities.'),
('TXT_KEY_PROMOTION_WR_CITY_LOSS_ATTACK_10', 'Captured City Learning +10'),
('TXT_KEY_PROMOTION_WR_CITY_LOSS_ATTACK_10_HELP', '+10% Combat Strength when attacking cities.'),
('TXT_KEY_PROMOTION_WR_CITY_LOSS_ATTACK_20', 'Captured City Learning +20'),
('TXT_KEY_PROMOTION_WR_CITY_LOSS_ATTACK_20_HELP', '+20% Combat Strength when attacking cities.'),
('TXT_KEY_PROMOTION_WR_CITY_LOSS_ATTACK_50', 'Captured City Learning +50'),
('TXT_KEY_PROMOTION_WR_CITY_LOSS_ATTACK_50_HELP', '+50% Combat Strength when attacking cities.'),
('TXT_KEY_PROMOTION_WR_CITY_LOSS_ATTACK_100', 'Captured City Learning +100'),
('TXT_KEY_PROMOTION_WR_CITY_LOSS_ATTACK_100_HELP', '+100% Combat Strength when attacking cities.'),
('TXT_KEY_PROMOTION_WR_CITY_LOSS_ATTACK_200', 'Captured City Learning +200'),
('TXT_KEY_PROMOTION_WR_CITY_LOSS_ATTACK_200_HELP', '+200% Combat Strength when attacking cities.'),
('TXT_KEY_PROMOTION_WR_CITY_LOSS_ATTACK_500', 'Captured City Learning +500'),
('TXT_KEY_PROMOTION_WR_CITY_LOSS_ATTACK_500_HELP', '+500% Combat Strength when attacking cities.'),
('TXT_KEY_PROMOTION_WR_CITY_LOSS_ATTACK_1000', 'Captured City Learning +1000'),
('TXT_KEY_PROMOTION_WR_CITY_LOSS_ATTACK_1000_HELP', '+1000% Combat Strength when attacking cities.'),
('TXT_KEY_PROMOTION_WR_CITY_LOSS_ATTACK_2000', 'Captured City Learning +2000'),
('TXT_KEY_PROMOTION_WR_CITY_LOSS_ATTACK_2000_HELP', '+2000% Combat Strength when attacking cities.'),
('TXT_KEY_PROMOTION_WR_CITY_LOSS_ATTACK_5000', 'Captured City Learning +5000'),
('TXT_KEY_PROMOTION_WR_CITY_LOSS_ATTACK_5000_HELP', '+5000% Combat Strength when attacking cities.');
